Sample Name,bone_area_total_area_millimeter_squared,cortical_thickness_millimeter,endosteal _perimeter_millimeter,periosteal_perimeter_millimeter,bone_volume_total_volume_millimeter_cubed,connectivity_density_per_millimeter_cubed,degree_of_anistropy,trabecular_number_per_millimeter,trabecular_bone_pattern_factor,trabecular_separation_millimeter,trabecular_thickness_millimeter
RR1_BSL_M1_CorticalFemur,51.4835,0.208846,3.734664,5.227529,,,,,,,
RR1_BSL_M2_CorticalFemur,54.2758,0.221782,3.660836,5.229718,,,,,,,
RR1_BSL_M3_CorticalFemur,53.8175,0.216016,3.610342,5.105272,,,,,,,
RR1_BSL_M4_CorticalFemur,53.6033,0.213607,3.682542,5.18813,,,,,,,
RR1_BSL_M5_CorticalFemur,53.6267,0.206721,3.39483,,,,,,,,
RR1_BSL_M6_CorticalFemur,52.4578,0.216123,3.669057,5.196728,,,,,,,
RR1_BSL_M7_CorticalFemur,54.8504,0.221371,3.558244,5.14068,,,,,,,
RR1_BSL_M8_CorticalFemur,54.4919,0.220334,3.635168,5.139891,,,,,,,
RR1_BSL_M9_CorticalFemur,51.6626,0.215844,3.858461,,,,,,,,
RR1_BSL_M10_CorticalFemur,53.0108,0.22029,3.633034,5.180411,,,,,,,
RR1_VIV_M11_CorticalFemur,58.28172,0.236757,3.415468,5.077413,,,,,,,
RR1_VIV_M12_CorticalFemur,58.40213,0.23454,3.292304,4.946724,,,,,,,
RR1_VIV_M13_CorticalFemur,55.43207,0.23313,3.753002,5.387293,,,,,,,
RR1_VIV_M14_CorticalFemur,56.92816,0.240214,3.689797,5.364644,,,,,,,
RR1_VIV_M15_CorticalFemur,58.50407,0.239513,3.390291,5.064368,,,,,,,
RR1_VIV_M16_CorticalFemur,55.9385,0.228713,3.493442,5.108962,,,,,,,
RR1_VIV_M17_CorticalFemur,58.15288,0.240859,3.44598,5.1143,,,,,,,
RR1_VIV_M18_CorticalFemur,55.68377,0.224888,3.559676,5.151249,,,,,,,
RR1_VIV_M19_CorticalFemur,54.98332,0.217822,3.356537,4.934133,,,,,,,
RR1_VIV_M20_CorticalFemur,56.00591,0.224856,3.504427,5.112955,,,,,,,
RR1_FLT_M21_CorticalFemur,53.66965,0.216351,3.561942,5.043519,,,,,,,
RR1_FLT_M22_CorticalFemur,55.05011,0.214501,3.455647,4.945489,,,,,,,
RR1_FLT_M23_CorticalFemur,55.9729,0.220353,3.764807,5.120596,,,,,,,
RR1_FLT_M24_CorticalFemur,55.84263,0.229288,3.606241,5.180767,,,,,,,
RR1_FLT_M25_CorticalFemur,57.14656,0.238271,3.503904,5.182729,,,,,,,
RR1_FLT_M26_CorticalFemur,50.11748,0.197726,3.643318,5.026257,,,,,,,
RR1_FLT_M27_CorticalFemur,52.05204,0.209973,3.688239,5.171713,,,,,,,
RR1_FLT_M28_CorticalFemur,50.04622,0.1963,3.75133,5.15972,,,,,,,
RR1_FLT_M29_CorticalFemur,52.20566,0.206961,3.598302,5.04317,,,,,,,
RR1_FLT_M30_CorticalFemur,52.90918,0.212492,3.550443,5.021417,,,,,,,
RR1_GC_M31_CorticalFemur,57.31903,0.234375,3.502916,5.110394,,,,,,,
RR1_GC_M32_CorticalFemur,54.37678,0.22645,3.778612,5.386046,,,,,,,
RR1_GC_M33_CorticalFemur,55.28507,0.226072,3.882606,5.567642,,,,,,,
RR1_GC_M34_CorticalFemur,,,3.671393,4.757784,,,,,,,
RR1_GC_M35_CorticalFemur,54.04162,0.207235,3.397639,4.855687,,,,,,,
RR1_GC_M36_CorticalFemur,58.98074,0.242377,3.423937,5.087519,,,,,,,
RR1_GC_M37_CorticalFemur,,,3.648471,4.857989,,,,,,,
RR1_GC_M38_CorticalFemur,55.32724,0.222783,3.559001,5.153007,,,,,,,
RR1_GC_M39_CorticalFemur,55.11248,0.226918,3.628503,5.237155,,,,,,,
RR1_GC_M40_CorticalFemur,53.90497,0.219028,3.65776,5.221433,,,,,,,
RR1_BSL_M3_FemoralNeck,85.8,0.21,,2.74,,,,,,,
RR1_BSL_M4_FemoralNeck,84.8,0.18,2.02,2.84,,,,,,,
RR1_BSL_M5_FemoralNeck,82.95,0.2,1.78,2.94,,,,,,,
RR1_BSL_M7_FemoralNeck,93.23,0.26,,2.86,,,,,,,
RR1_BSL_M8_FemoralNeck,86.73,0.2,2.02,2.98,,,,,,,
RR1_BSL_M9_FemoralNeck,87.02,0.22,1.82,2.97,,,,,,,
RR1_BSL_M10_FemoralNeck,88.46,0.21,2.03,,,,,,,,
RR1_VIV_M11_FemoralNeck,89.79691,0.23776,1.19212,2.84706,,,,,,,
RR1_VIV_M12_FemoralNeck,92.28922,0.25837,0.88738,2.77138,,,,,,,
RR1_VIV_M13_FemoralNeck,85.56053,0.22123,1.48786,2.91769,,,,,,,
RR1_VIV_M16_FemoralNeck,89.27952,0.23232,,,,,,,,,
RR1_VIV_M17_FemoralNeck,90.60535,0.23954,1.18358,2.81042,,,,,,,
RR1_VIV_M18_FemoralNeck,89.5175,0.24682,1.13939,2.86858,,,,,,,
RR1_VIV_M20_FemoralNeck,86.8214,0.20772,1.73576,2.89601,,,,,,,
RR1_FLT_M22_FemoralNeck,86.76,0.22,1.32,2.75,,,,,,,
RR1_FLT_M24_FemoralNeck,87.09,0.23,1.2,2.82,,,,,,,
RR1_FLT_M25_FemoralNeck,86.48,0.23,1.07,2.75,,,,,,,
RR1_FLT_M26_FemoralNeck,79.1,0.19,1.76,2.95,,,,,,,
RR1_FLT_M27_FemoralNeck,82.61,0.2,1.56,2.83,,,,,,,
RR1_FLT_M28_FemoralNeck,78.53,0.19,1.89,3,,,,,,,
RR1_FLT_M29_FemoralNeck,82.93,0.2,1.55,2.81,,,,,,,
RR1_FLT_M30_FemoralNeck,88.6,0.23,1.23,2.82,,,,,,,
RR1_GC_M36_FemoralNeck,94.48,0.25,1.27,2.86,,,,,,,
RR1_GC_M37_FemoralNeck,87.84,0.19,1.45,2.56,,,,,,,
RR1_GC_M38_FemoralNeck,91.38,0.23,1.34,2.83,,,,,,,
RR1_GC_M39_FemoralNeck,85.77,0.22,,3.1,,,,,,,
RR1_GC_M40_FemoralNeck,84.94,0.23,1.35,2.96,,,,,,,
RR1_BSL_M1_DistalFemur,,,,,4.43385,125.1946,1.44055,1.05134,38.49998,0.27955,0.04217
RR1_BSL_M2_DistalFemur,,,,,4.35754,200.0491,1.34503,1.00482,45.34224,0.28003,0.04337
RR1_BSL_M3_DistalFemur,,,,,5.77199,280.8232,1.56783,1.31674,42.41175,0.24239,0.04384
RR1_BSL_M4_DistalFemur,,,,,7.12484,240.6569,1.36732,1.53991,33.62285,0.25693,0.04627
RR1_BSL_M5_DistalFemur,,,,,6.30335,236.9393,1.30872,1.43016,36.20203,0.25126,0.04407
RR1_BSL_M6_DistalFemur,,,,,4.41082,142.8992,1.26741,1.01757,39.00035,0.28831,0.04335
RR1_BSL_M7_DistalFemur,,,,,3.76836,151.316,1.36133,0.86967,45.07918,0.28637,0.04333
RR1_BSL_M8_DistalFemur,,,,,4.71831,103.7647,1.56493,1.02331,36.18848,0.29513,0.04611
RR1_BSL_M9_DistalFemur,,,,,6.22846,159.2836,1.49489,1.37083,33.07684,0.25506,0.04544
RR1_BSL_M10_DistalFemur,,,,,5.14854,140.2496,1.88941,1.14973,35.93809,0.2844,0.04478
RR1_VIV_M11_DistalFemur,,,,,4.93174,128.278,1.67787,1.08438,35.68127,0.29342,0.04548
RR1_VIV_M12_DistalFemur,,,,,2.981,105.317,1.17303,0.72886,42.02016,0.32207,0.0409
RR1_VIV_M13_DistalFemur,,,,,3.70038,97.114,1.56448,0.85026,39.57266,0.28983,0.04352
RR1_VIV_M14_DistalFemur,,,,,2.9542,84.991,1.68826,0.64286,41.80399,0.34143,0.04595
RR1_VIV_M15_DistalFemur,,,,,4.60628,142.427,1.28936,0.98593,39.30596,0.29056,0.04672
RR1_VIV_M16_DistalFemur,,,,,3.63433,92.969,1.49909,0.78138,40.24996,0.31225,0.04651
RR1_VIV_M17_DistalFemur,,,,,4.6039,142.475,1.6271,1.03147,37.75022,0.28298,0.04463
RR1_VIV_M18_DistalFemur,,,,,3.98701,141.079,1.35546,0.88277,39.69558,0.31004,0.04516
RR1_VIV_M19_DistalFemur,,,,,3.10074,87.544,1.4823,0.68557,39.96772,0.33237,0.04523
RR1_VIV_M20_DistalFemur,,,,,5.7663,151.632,1.50896,1.23164,33.6821,0.27312,0.04682
RR1_FLT_M21_DistalFemur,,,,,2.25283,69.89578,1.22338,0.50872,47.48315,0.33047,0.04428
RR1_FLT_M22_DistalFemur,,,,,4.11407,100.1407,1.63475,0.92504,38.56207,0.2931,0.04447
RR1_FLT_M23_DistalFemur,,,,,2.88774,104.8337,1.26976,0.66282,44.98993,0.31435,0.04357
RR1_FLT_M24_DistalFemur,,,,,2.55215,88.04399,1.51665,0.60953,44.17009,0.32205,0.04187
RR1_FLT_M25_DistalFemur,,,,,2.95455,84.81821,1.25406,0.70376,44.31684,0.31494,0.04198
RR1_FLT_M26_DistalFemur,,,,,3.72131,,1.75515,0.87877,44.06818,0.30178,0.04235
RR1_FLT_M27_DistalFemur,,,,,3.51986,81.3918,1.22835,0.8389,40.16168,0.29667,0.04196
RR1_FLT_M28_DistalFemur,,,,,1.97812,87.869,1.52647,0.44224,50.56256,0.33944,0.04473
RR1_FLT_M29_DistalFemur,,,,,3.03842,96.43813,1.34829,0.68723,42.68714,0.32565,0.04421
RR1_FLT_M30_DistalFemur,,,,,3.87959,,1.56957,0.88189,39.21781,0.31218,0.04399
RR1_GC_M31_DistalFemur,,,,,5.30162,170.9791,1.45162,1.13484,34.2274,0.28081,0.04672
RR1_GC_M32_DistalFemur,,,,,6.67808,190.7101,1.27885,1.36533,31.9888,0.26843,0.04891
RR1_GC_M33_DistalFemur,,,,,3.61741,148.3059,1.20481,0.81634,46.0325,0.28118,0.04431
RR1_GC_M34_DistalFemur,,,,,14.32077,,,,,,0.02649
RR1_GC_M35_DistalFemur,,,,,6.26304,172.2945,1.63369,1.35698,31.6244,0.26754,0.04615
RR1_GC_M36_DistalFemur,,,,,14.07035,393.5665,1.44945,2.57142,23.7925,0.19763,0.05472
RR1_GC_M37_DistalFemur,,,,,2.41499,,1.67867,0.64139,,0.27582,0.03765
RR1_GC_M38_DistalFemur,,,,,5.03754,120.6204,1.52548,1.08275,34.4888,0.29921,0.04653
RR1_GC_M39_DistalFemur,,,,,2.29214,70.0552,1.57515,0.49113,42.948,0.36348,0.04667
RR1_GC_M40_DistalFemur,,,,,7.99219,224.1434,1.57898,1.6042,28.7216,0.24882,0.04982
RR1_BSL_M3_FemoralHead,,,,,50.06,217.07,1.94,6.09,2.65,0.11,0.08
RR1_BSL_M4_FemoralHead,,,,,56.07,404.81,2.35,7.41,9.05,0.08,0.08
RR1_BSL_M5_FemoralHead,,,,,52.39,427.3,2.22,6.82,9.7,0.08,0.08
RR1_BSL_M8_FemoralHead,,,,,56.16,123.14,1.42,5.8,0.63,0.1,0.1
RR1_BSL_M9_FemoralHead,,,,,51.01,246.55,1.49,6.11,1.22,0.11,0.08
RR1_VIV_M11_FemoralHead,,,,,47.42794,175.2277,1.46114,5.87817,5.20134,0.11253,0.08068
RR1_VIV_M12_FemoralHead,,,,,52.53417,167.5547,1.47915,5.52632,4.43204,0.10955,0.09506
RR1_VIV_M13_FemoralHead,,,,,43.48521,159.6369,2.302,5.39671,7.18236,0.13042,0.08058
RR1_VIV_M17_FemoralHead,,,,,47.74058,179.4632,1.54208,5.63633,8.24024,0.10218,0.0847
RR1_VIV_M18_FemoralHead,,,,,46.16815,176.3025,1.56882,5.36585,6.97173,0.12148,0.08604
RR1_VIV_M20_FemoralHead,,,,,49.54515,164.5198,1.99817,6.04669,4.79598,0.10384,0.08194
RR1_FLT_M22_FemoralHead,,,,,39.59,199.18,1.58,5.45,7.74,0.12,0.07
RR1_FLT_M24_FemoralHead,,,,,36.37,157.22,1.82,4.63,11.65,0.13,0.08
RR1_FLT_M25_FemoralHead,,,,,46.22,142.72,1.81,5.59,9.11,0.12,0.08
RR1_FLT_M26_FemoralHead,,,,,32.19,133.41,2.12,4.92,12.69,0.13,0.07
RR1_FLT_M27_FemoralHead,,,,,40.82,143.82,1.82,5.38,8.79,0.11,0.08
RR1_FLT_M28_FemoralHead,,,,,35.24,158.23,1.65,5.12,11.81,0.13,0.07
RR1_FLT_M29_FemoralHead,,,,,41.13,231.6,1.6,5.74,9.77,0.11,0.07
RR1_FLT_M30_FemoralHead,,,,,46.97,198.18,1.65,6.23,4.57,0.11,0.08
RR1_GC_M36_FemoralHead,,,,,65.92,347.08,1.56,6.78,-7.15,0.08,0.1
RR1_GC_M37_FemoralHead,,,,,49.29,209.19,1.2,5.99,5.31,0.11,0.08
RR1_GC_M38_FemoralHead,,,,,48.94,198.58,2.11,5.81,5.61,0.1,0.08
RR1_GC_M39_FemoralHead,,,,,52.54,139.16,1.62,5.58,3.12,0.1,0.09
RR1_GC_M40_FemoralHead,,,,,57.7,270.57,2.04,6.59,-1.33,0.09,0.09
RR1_BSL_M1_Vertebrae,,,,,33.06831,2201.936,2.42422,5.759186,16.54602,0.142701,0.057418
RR1_BSL_M2_Vertebrae,,,,,29.78839,2205.364,1.931125,5.748695,16.11478,0.142594,0.051818
RR1_BSL_M3_Vertebrae,,,,,30.66512,2317.657,2.208493,5.664927,20.00287,0.138699,0.054132
RR1_BSL_M4_Vertebrae,,,,,32.71269,2514.057,1.801626,6.515636,14.65513,0.126042,0.050206
RR1_BSL_M5_Vertebrae,,,,,28.83117,2072.928,2.545083,5.467383,17.96129,0.152435,0.052733
RR1_BSL_M6_Vertebrae,,,,,32.81522,2733.183,2.09525,6.267106,17.62271,0.132032,0.052361
RR1_BSL_M7_Vertebrae,,,,,28.96643,2333.774,2.261591,5.837168,19.06923,0.13571,0.049624
RR1_BSL_M8_Vertebrae,,,,,30.21567,2861.95,2.501454,5.829295,24.65105,0.142847,0.051834
RR1_BSL_M9_Vertebrae,,,,,32.97855,2731.581,1.97646,6.205955,20.26601,0.134611,0.05314
RR1_BSL_M10_Vertebrae,,,,,35.57904,3114.301,1.560963,6.798069,16.02022,0.125443,0.052337
RR1_VIV_M11_Vertebrae,,,,,34.99291,2314.289,2.564448,6.196819,17.14544,0.136048,0.056469
RR1_VIV_M12_Vertebrae,,,,,33.30195,3049.265,2.16221,6.714023,22.4843,0.119439,0.049601
RR1_VIV_M14_Vertebrae,,,,,29.59838,2752.737,1.950182,5.731856,22.49616,0.148158,0.051638
RR1_VIV_M15_Vertebrae,,,,,32.43737,2555.877,2.102716,6.084359,16.76224,0.14012,0.053313
RR1_VIV_M16_Vertebrae,,,,,37.365,2447.041,2.350415,6.769929,16.39253,0.126419,0.055193
RR1_VIV_M17_Vertebrae,,,,,34.73288,2663.15,1.987172,6.564503,15.59297,0.132848,0.05291
RR1_VIV_M18_Vertebrae,,,,,30.76458,2751.36,1.726224,6.276978,20.64163,0.131725,0.049012
RR1_VIV_M19_Vertebrae,,,,,31.56529,2728.703,2.389073,6.018616,23.28915,0.135097,0.052446
RR1_VIV_M20_Vertebrae,,,,,31.62907,2486.141,2.288406,6.265269,15.71198,0.13491,0.050483
RR1_FLT_M21_Vertebrae,,,,,25.61283,2458.482,3.358301,5.819458,19.78827,0.148688,0.044012
RR1_FLT_M22_Vertebrae,,,,,26.38997,2483.561,2.78526,5.001715,23.48039,0.161,0.052762
RR1_FLT_M23_Vertebrae,,,,,29.32667,3012.293,2.293961,6.234625,19.5239,0.128736,0.047038
RR1_FLT_M24_Vertebrae,,,,,30.51699,2668.557,2.024062,5.838824,23.80852,0.137507,0.052266
RR1_FLT_M25_Vertebrae,,,,,31.71673,2922.869,1.573025,6.174733,23.439,0.122997,0.051365
RR1_FLT_M26_Vertebrae,,,,,26.90115,2509.351,1.864708,5.780112,17.14196,0.150758,0.046541
RR1_FLT_M27_Vertebrae,,,,,26.27502,2177.033,2.48088,5.363499,21.40799,0.151939,0.048989
RR1_FLT_M28_Vertebrae,,,,,27.19014,2333.259,2.072234,5.271906,20.9056,0.157791,0.051576
RR1_FLT_M29_Vertebrae,,,,,25.85779,2508.945,2.494795,5.42543,25.81971,0.152428,0.04766
RR1_FLT_M30_Vertebrae,,,,,34.68583,2192.304,2.0572,6.299957,17.468,0.135385,0.055057
RR1_GC_M31_Vertebrae,,,,,34.83408,2296.693,1.637228,6.343032,17.70898,0.133549,0.054917
RR1_GC_M32_Vertebrae,,,,,31.6191,2263.367,2.434032,6.263837,15.09429,0.139092,0.050479
RR1_GC_M33_Vertebrae,,,,,19.0158,,2.075819,5.693596,34.50178,0.151911,0.033399
RR1_GC_M34_Vertebrae,,,,,33.79938,2622.91,2.226322,6.694083,20.9826,0.121138,0.050491
RR1_GC_M35_Vertebrae,,,,,35.49676,2601.24,2.552256,7.236008,16.42794,0.116996,0.049056
RR1_GC_M36_Vertebrae,,,,,41.33779,2506.884,1.874618,7.12556,13.22955,0.112543,0.058013
RR1_GC_M37_Vertebrae,,,,,31.12641,3225.256,1.367445,6.398943,23.13345,0.130123,0.048643
RR1_GC_M38_Vertebrae,,,,,22.72876,2967.052,2.101668,5.083156,22.58809,0.161279,0.044714
RR1_GC_M39_Vertebrae,,,,,24.72696,2704.912,2.375152,5.317285,21.69789,0.158623,0.046503
RR1_GC_M40_Vertebrae,,,,,30.61888,2639.781,1.775115,6.205596,22.8769,0.137776,0.049341